<?xml version="1.0" encoding="UTF-8"?>
<addon
  id="plugin.video.bb15livefeeds"
  name="Big Brother 15 Live Feeds"
  version="1.0.5"
  provider-name="mikesplain">
  <requires>
   <import addon="xbmc.python" version="2.1.0"/>
  </requires>
  <extension 
    point="xbmc.python.pluginsource"
    library="default.py">
   <provides>video</provides>
  </extension>
  <extension point="xbmc.addon.metadata">
    <summary lang="en">Big Brother 15 Live Streams</summary>
    <description lang="en">Watch the live feeds for Big Brother 15!</description>
    <platform>all</platform>
	<email>mike.splain@gmail.com</email>
  </extension>
</addon>