<?xml version="1.0" encoding="UTF-8" standalone="yes"?>
<addon id="repository.mikesplain" name="mikesplain's XBMC Addons" version="1.0.0" provider-name="mikesplain">
	<extension point="xbmc.addon.repository" name="mikesplain's XBMC Addon Repository">
		<info compressed="false">https://raw.github.com/mikesplain/xbmc/master/addons.xml</info>
		<checksum>https://raw.github.com/mikesplain/xbmc/master/addons.xml.md5</checksum>
		<datadir zip="true">https://raw.github.com/mikesplain/xbmc/master/repo/</datadir>
	</extension>
	<extension point="xbmc.addon.metadata">
		<summary>Install mikesplain's Addons</summary>
		<description>Download and install addons by mikesplain</description>
		<platform>all</platform>
	</extension>
</addon>